6,badnews@ibcinc.com
6,gking@ibcinc.com
6,root@ibcinc.com
7,goodnews@ibcinc.com
7,gking@ibcinc.com
1,102693,20060801,LHR,MIA,BA207,12573370091
8,,123456789,,,,LHR,USA,,,,1,0.44,P,APX,10,,ADHESIVE CHEMICALS,,P,P,ST,,,,,,SOME COMPANY A,123 MAIN STREET,,LONDON,,LE4 6BW,GB,+442087594076,HUGO JORGE,COMPANY 1,211 BOSTON STREET,MIDDLETON,MASSACHUSETTS,MA,01949,US,5085551212,THIS IS A COMMENT
9,,123456789,,,,LHR,USA,,,,1,0.44,P,APX,10,,ADHESIVE CHEMICALS,,,P,P,ST,,,,,,SOME COMPANY A,123 MAIN STREET,,LONDON,,LE4 6BW,GB,+442087594076,HUGO JORGE,COMPANY 1,211 BOSTON STREET,MIDDLETON,MASSACHUSETTS,MA,01949,US,5085551212,THIS IS A COMMENT
8,,125353363,,,,LHR,MEX,,,,1,1.1,P,APX,1,,MUSIC CD,,P,P,ST,,,,,,SOME COMPANY A,123 MAIN STREET,,LONDON,,LE4 6BW,GB,+442087594076,SERGIO HERRERO,COMPANY 2,"CDA DEL RAYO 20, COL LA HERRADURA",EDO DE MEXICO,MEXICO,,53920,MX,,THIS IS A MUCH LONGER COMMENT BUT IT STILL WORKS
8,,127249937,,,,LHR,USA,,,,1,5.95,P,APX,476,,2 PAPERBACK BOOKS,,P,B,ST,,,,,,SOME COMPANY A,123 MAIN STREET,,LONDON,,LE4 6BW,GB,+442087594076,CARLOS COZZA,COMPANY 3,190 NORTH COUNTY,ROA PALM BEACH,USA,FL,33480,US,,
8,,129146511,,,,LHR,MEX,,,,1,6.61,P,APX,9,,CD AND BOOKS,,P,P,ST,,,,,,SOME COMPANY A,123 MAIN STREET,,LONDON,,LE4 6BW,GB,+442087594076,WALTER JIMENEZ,COMPANY 4,LOMAS DE SOTELO 1102,COL LOMA HERMOSA,MEXICO,DF,11200,MX,,
8,,131043085,,,,LHR,USA,,,,1,2.2,P,APX,8,,BREAD AND CHEESE,123123123123,P,P,ST,,,,,,SOME COMPANY A,123 MAIN STREET,,LONDON,,LE4 6BW,GB,+442087594076,ALBERTO MARTINEZ,COMPANY 5,"HIGGINS CO INC, 15 SHARPLEY ROAD",,USA WILINGTON,DE,19803,US,,
8,,132939659,,,,LHR,USA,,,,1,1.1,P,APX,46,,1 PAIR OF DOOR HANDL,,P,P,ST,,,,,,SOME COMPANY A,123 MAIN STREET,,LONDON,,LE4 6BW,GB,+442087594076,MIRTA BOSCO,COMPANY 6,19200 - M CHENNAULT,,GATTHERBURG,MD,20879,US,301-555-1212,
8,,134836233,,,,LHR,USA,,,,1,7.72,P,APX,10,,EDUCATIONAL MATERIAL,,P,B,ST,,,,,,SOME COMPANY A,123 MAIN STREET,,LONDON,,LE4 6BW,GB,+442087594076,GUILLERMO WERNER,COMPANY 7,ONE MERCK DR WS2D-25,,WHITEHOUSE STTAION,NJ,08889,US,908 555 5673,
8,,136732807,7908,,,LHR,RIO,,,,1,11.02,P,APX,140,,BOOKS,,P,B,ST,,,,,,SOME COMPANY A,123 MAIN STREET,,LONDON,,LE4 6BW,GB,+442087594076,ALFREDO MINGO,COMPANY 8,RUA MARQUES DE SAO VICENTE 124,LOJA 101,GAVEA RIO DE JANEIRO,,22451-040,BR,,
8,,138629381,,,,LHR,USA,,,,1,6.61,P,APX,2,,CD,,P,P,ST,,,,,,ANOTHER COMPANY B,777 SOME LANE,,PARIS,,,FR,+3318597436,MABEL DELL,COMPANY 9,5500 NORTH WEST CENTRAL DR,,HOUSTON,TX,77092,US,713 555 4239,
8,,140525955,,,,LHR,USA,,,,1,43.21,P,APX,180,,CLOTHINGS,,P,B,ST,,,,,,ANOTHER COMPANY B,777 SOME LANE,,PARIS,,,FR,+3318597436,GRACIELA FARRE,COMPANY 10,8 MAIN ST,,SALISBURY,CT,06068,US,860 555 8895,
8,,142422529,,,,LHR,USA,,,,1,23.15,P,APX,18,,RAZOR,,P,P,ST,,,,,,ANOTHER COMPANY B,777 SOME LANE,,PARIS,,,FR,+3318597436,OSVALDO VILAS,COMPANY 11,800 ROYALSTON ST,FLOOR41,BOSTON,MA,02199,US,,
8,,144319103,,,,LHR,RIO,X,,,1,1.1,P,APX,18,,DRAWINGS,,P,P,STB,,,,,,ANOTHER COMPANY B,777 SOME LANE,,PARIS,,,FR,+3318597436,MARCELO MOSCOSO,COMPANY 12,AV SOLIMOES 800 PORTE DISTRITO INDL,MANAUS AM,BRASIL,,69075-900,BR,55925552299,
8,,146215677,,,,LHR,USA,,,,1,3.31,P,APX,7,,PRINTED MATTER,,P,P,ST,,,,,,ANOTHER COMPANY B,777 SOME LANE,,PARIS,,,FR,+3318597436,OSCAR PEREZ,COMPANY 13,72 AYRES POINT ROAD,,OLD SAYBROOK,CT,06475,US,,
8,,148112251,,,,LHR,USA,,,,1,2.2,P,APX,30,,CDS/DVDS,,P,P,ST,,,,,,ANOTHER COMPANY B,777 SOME LANE,,PARIS,,,FR,+3318597436,ALFREDO GARCIA,COMPANY 14,1530 VISTA CLUB CIRCLE 102,,SANTA CLARA,CA,95054,US,,
8,,150008825,,,,LHR,USA,,,,1,34.83,P,APX,30,,HAIR DRYERS,,P,P,ST,,,,,,ANOTHER COMPANY B,777 SOME LANE,,PARIS,,,FR,+3318597436,ROBERTO BUGALLO,COMPANY 15,601 RAYOUAC DR,,WISCNSIN,WI,53711,US,,
8,,151905399,,,,LHR,USA,,,,1,1.1,P,APX,270,,MEDICAL GOODS,,P,P,ST,,,,,,ANOTHER COMPANY B,777 SOME LANE,,PARIS,,,FR,+3318597436,CRISTIAN RAGGIO,COMPANY 16,2400 PATTERSON ST,SUITE 400,NASHVILL,TN,37203,US,301 555 7326,
8,,153801973,,,,LHR,USA,,,,1,2.2,P,APX,18,,HAIR STRAIGHTENER,,P,P,ST,,,,,,MY COMPANY C,555 WALL STREET,SUITE 101,SURREY,,UB7 0LB,GB,+442085551212,LORENZO RABINO,COMPANY 17,60 MAIN ST,,BRIDGEPORT,CT,06604,US,,
8,,155698547,,,,LHR,USA,,,,1,2.87,P,APX,18,,CHILDS TOY TRUCK,,P,P,ST,,,,,,MY COMPANY C,555 WALL STREET,SUITE 101,SURREY,,UB7 0LB,GB,+442085551212,GONZALO SCHAPIRA,COMPANY 18,333 CONTINENTAL BVLD,,EL SEGUNDO,CA,90245,US,,
8,,157595121,,,,LHR,PBM,,,,1,17.2,P,APX,1,,GASMASK/STICKERS,,P,P,ST,,,,,,MY COMPANY C,555 WALL STREET,SUITE 101,SURREY,,UB7 0LB,GB,+442085551212,CARLOS RODRIGUEZ,COMPANY 19,JENSENWEG NO 1 PAD VAN WANICA,PARAMARIBO,SURINAME,,,SR,,
8,,159491695,,,,LHR,LIM,,,,1,1.43,P,APX,20,,WATCH & FRISBY,,P,P,ST,,,,,,MY COMPANY C,555 WALL STREET,SUITE 101,SURREY,,UB7 0LB,GB,+442085551212,DIEGO MARTIN,COMPANY 20,AV AVLACLON 3362 PSJE SIBELIOS,NO:150 OF 301,LIMA,,41,PE,,
8,,161388269,,,,LHR,GCM,,,,1,4.41,P,APX,45,,BOOKS,,P,P,ST,,,,,,MY COMPANY C,555 WALL STREET,SUITE 101,SURREY,,UB7 0LB,GB,+442085551212,LUIS GONZALEZ,COMPANY 21,ZEPHER HSE,,GRAND CYAMAN,CAYMAN ISLANDS,,KY,,
8,,163284843,,,,LHR,USA,,,,1,2.2,P,APX,45,,METAL BADGES,,P,P,ST,,,,,,MY COMPANY C,555 WALL STREET,SUITE 101,SURREY,,UB7 0LB,GB,+442085551212,CARLOS GIGENA,COMPANY 22,NUMBER ONE NOB HILL,,SAN FRANCISCO,CA,94108,US,310 555 34343 X 6178,
8,,165181417,,,,LHR,USA,,,,1,2.2,P,APX,18,,MOTOR SPARES,,P,L,ST,,,,,,MY COMPANY C,555 WALL STREET,SUITE 101,SURREY,,UB7 0LB,GB,+442085551212,NESTOR BUTERA,COMPANY 23,4000 PINNACLE COURT,,AUBURN HILLS,MI,48326,US,,
8,,167077991,,,,LHR,USA,,,,1,4.41,P,APX,7,,CD/MANUALS,,P,P,ST,,,,,,MY COMPANY C,555 WALL STREET,SUITE 101,SURREY,,UB7 0LB,GB,+442085551212,SERGIO PRENDONE,COMPANY 24,7800 EQUITABLE DR,SUTIE 100,EDEN PRAIRIE,MN,55344,US,952 555 8654,
8,,168974565,,,,LHR,RIO,X,,,1,1.1,P,APX,16,,MUSIC CD,,P,P,ST,,,,,,THE OTHER COMPANY,12 WISHING WELL LANE,3RD FLOOR,KINGSTON UPON THAMES,,KT1,GB,,MIGUEL GAGO,COMPANY 25,AV.GARAGUA 300 CEP 18087-380,,SOROCABA,SP,,BR,,
8,,170871139,,,,LHR,USA,,,,1,7.71,P,APX,30,,ASPRINS,123456789012,P,B,ST,,,,,,THE OTHER COMPANY,12 WISHING WELL LANE,3RD FLOOR,KINGSTON UPON THAMES,,KT1,GB,,JORGE SANTOS,COMPANY 26,BLDG 1 TWO PACES WEST,2727 PACES FERRY ROAD,NEW ATLANTA,GA,30339,US,001 770 555 5463,
8,,172767713,,,,LHR,SAO,,,,1,1.1,P,APX,7,,MUSIC CD,,P,P,ST,,,,,,THE OTHER COMPANY,12 WISHING WELL LANE,3RD FLOOR,KINGSTON UPON THAMES,,KT1,GB,,JULIO FUMAGALLI,COMPANY 27,AV DAS NACOES UNIDAS 11.541,110 ANDAR CJ 111,CHACARM ITAIM SAO PAULO,,04578-000,BR,55 11 5555 3131,
8,,174664287,,,,LHR,USA,,,,1,1.1,P,APX,5,,TAPE,,P,P,ST,,,,,,THE OTHER COMPANY,12 WISHING WELL LANE,3RD FLOOR,KINGSTON UPON THAMES,,KT1,GB,,EMILIO HUGO,COMPANY 28,6125 AIRPORT FAIRWAY,,FORT WORTH,TX,76117,US,001 817 555 1234,
8,,176560861,,,,LHR,USA,,,,1,12.12,P,APX,100,,RESEARCH MATERIALS,,P,B,ST,,,,,,THE OTHER COMPANY,12 WISHING WELL LANE,3RD FLOOR,KINGSTON UPON THAMES,,KT1,GB,,CAROLINA SZTERN,COMPANY 29,45 MOULTON ST,,CAMBRIDGE,MA,02138,US,001 617 555 6549,
8,,178457435,,,,LHR,USA,,,,1,12.12,P,APX,100,,RESEARCH MATERIALS,,P,B,ST,,,,,,THE OTHER COMPANY,12 WISHING WELL LANE,3RD FLOOR,KINGSTON UPON THAMES,,KT1,GB,,RUBEN SPINA,COMPANY 30,1 DNA WYA MS 18,,SOUTH SAN FRANCISCO,CA,94080,US,001 555 555 2097,
8,,180354009,,,,LHR,BDA,,,,1,1.1,P,APX,1,,MUSIC CD,,P,P,ST,,,,,,THE OTHER COMPANY,12 WISHING WELL LANE,3RD FLOOR,KINGSTON UPON THAMES,,KT1,GB,,JAIME ROMERO,COMPANY 31,106 PITTS BAY ROAD,,PEMBROKE,,HM08,BM,,
8,,182250583,,,,LHR,POS,X,,,1,16.53,P,APX,7,,PAPER LABELS,,P,B,ST,,,,,,THE OTHER COMPANY,12 WISHING WELL LANE,3RD FLOOR,KINGSTON UPON THAMES,,KT1,GB,,JUAN HAGI,COMPANY 32,104 HIGH ST,SAN FRERNANDO,TRINIDAD,,,TT,,
8,,184147157,,,,LHR,SAL,,,,1,4.41,P,APX,8,,PRODUCT SAMPLES,,P,P,ST,,,,,,THE OTHER COMPANY,12 WISHING WELL LANE,3RD FLOOR,KINGSTON UPON THAMES,,KT1,GB,,JUAN CHIAPPARA,COMPANY 33,CONDOMINIO BALMA QUITZE,PASEO GENERAL ESCALON,SAN SALVADOE,,,SV,,
8,,186043731,,,,LHR,POS,,,,1,1.1,P,APX,3,,MUSIC CD,,P,P,ST,,,,,,THE OTHER COMPANY,12 WISHING WELL LANE,3RD FLOOR,KINGSTON UPON THAMES,,KT1,GB,,MIRTA BONZANI,COMPANY 34,QUEENS PARK WEST,,PORT OF SPAIN,,,TT,,
8,,187940305,,,,LHR,SAO,,,,1,1.1,P,APX,5,,CD - BACKUP DATA,,P,L,ST,,,,,,THE OTHER COMPANY,12 WISHING WELL LANE,3RD FLOOR,KINGSTON UPON THAMES,,KT1,GB,,GABRIEL CARVAJAL,COMPANY 35,RUA RADIANTES 13,MORUMBI,SAOPAULO,,05699-900,BR,,
8,,189836879,,,,LHR,USA,,,,1,7.94,P,APX,75,,GAS/PLUMBING SUPPLIE,,P,B,ST,,,,,,THE OTHER COMPANY,12 WISHING WELL LANE,3RD FLOOR,KINGSTON UPON THAMES,,KT1,GB,,ALBERTO CORDERO,COMPANY 36,184-27 TUDOR ROAD,,JAMAICA,NY,11432,US,,
8,,191733453,,,,LHR,BOG,,,,1,0.24,P,APX,3,,CAN COMPONENTS,,P,P,ST,,,,,,THE OTHER COMPANY,12 WISHING WELL LANE,3RD FLOOR,KINGSTON UPON THAMES,,KT1,GB,,CELEDONIO CARNICER,COMPANY 37,"CALLE 7, NO. 29-60",,BOGTA,,,CO,,
8,,193630027,,,,LHR,SCL,,,,1,1.1,P,APX,12,,SINGLE PARTS-BALUSTR,,P,P,ST,,,,,,THE OTHER COMPANY,12 WISHING WELL LANE,3RD FLOOR,KINGSTON UPON THAMES,,KT1,GB,,FRANCISCO SOSA,COMPANY 38,LOS TURISTAS 0707,SANTIAGO 30,RECOLETA,,,CL,,
8,,195526601,,,,LHR,SAO,,,,1,1.1,P,APX,1,,PROMO VHS TAPE,,P,P,ST,,,,,,THE OTHER COMPANY,12 WISHING WELL LANE,3RD FLOOR,KINGSTON UPON THAMES,,KT1,GB,,ROBERTO APELBAUM,COMPANY 39,AV MANOEL DOMINGOS PINTO 481,VILA ANASTACIO 05120-900,SAOPAULO,SP,,BR,,
8,,197423175,,,,LHR,SDQ,,,,1,1.1,P,APX,1,,PROMO VHS TAPE,,P,P,ST,,,,,,THE OTHER COMPANY,12 WISHING WELL LANE,3RD FLOOR,KINGSTON UPON THAMES,,KT1,GB,,ROBERTO MARTINEZ,COMPANY 40,MAXIMO GOMEZ 182,,SANTO DOMINGO,,,DO,,
8,,199319749,,,,LHR,SAO,,,,1,1.1,P,APX,1,,PROMO VHS TAPE,,P,P,ST,,,,,,THE OTHER COMPANY,12 WISHING WELL LANE,3RD FLOOR,KINGSTON UPON THAMES,,KT1,GB,,ALEJANDRO FONT,COMPANY 41,AV MANOEL DOMINGOS PINTO 481,,VILA ANASTACIO,SP,05120-900,BR,,
8,,201216323,,,,LHR,GUA,,,,1,1.1,P,APX,1,,PROMO VHS TAPE,,P,P,ST,,,,,,THE OTHER COMPANY,12 WISHING WELL LANE,3RD FLOOR,KINGSTON UPON THAMES,,KT1,GB,,ALFREDO CESAR,COMPANY 42,12A AV 1-122 ZONA 2 DE MEXICO,COLONIA ALVARADO,DUIDAD DE GUATEMALA,,,GT,,
8,,203112897,,,,LHR,SAO,,,,1,1.1,P,APX,1,,PROMO VHS TAPE,,P,P,ST,,,,,,THE OTHER COMPANY,12 WISHING WELL LANE,3RD FLOOR,KINGSTON UPON THAMES,,KT1,GB,,ALBERTO ALVAREZ,COMPANY 43,AV MARIA COELHO AGUIAR 215 BLOCO C2,,ANDAR,SP,05805-000,BR,,
8,,205009471,,,,LHR,SAO,,,,1,1.1,P,APX,1,,PROMO VHS TAPE,,P,P,ST,,,,,,THE OTHER COMPANY,12 WISHING WELL LANE,3RD FLOOR,KINGSTON UPON THAMES,,KT1,GB,,JORGE GOMEZ,COMPANY 44,AV MARIA COELHO AGUIAR 215,BLOCO C-2 ANDAR ,SAO PAULO,SP,05805-000,BR,,
8,,206906045,,,,LHR,SAO,,,,1,1.1,P,APX,1,,PROMO VHS TAPE,,P,P,ST,,,,,,THE OTHER COMPANY,12 WISHING WELL LANE,3RD FLOOR,KINGSTON UPON THAMES,,KT1,GB,,MARIO CARGNELUTTI,COMPANY 45,AV MANOEL DOMINGOS PINTO 481 VILA,ANASTACIO,SAO PAULO,SP,05120-900,BR,,
8,,208802619,,,,LHR,SAO,,,,1,1.1,P,APX,1,,PROMO VHS TAPE,,P,P,ST,,,,,,THE OTHER COMPANY,12 WISHING WELL LANE,3RD FLOOR,KINGSTON UPON THAMES,,KT1,GB,,CARLOS CARAVACA,COMPANY 46,AV MARIA COELHO AGUIAR 215 BLOCO,C-2 ANDAR,SAO PAULO,SP,05805-000,BR,,
8,,210699193,,,,LHR,SAO,,,,1,1.1,P,APX,1,,PROMO VHS TAPE,,P,P,ST,,,,,,THE OTHER COMPANY,12 WISHING WELL LANE,3RD FLOOR,KINGSTON UPON THAMES,,KT1,GB,,VICENTE BALMACEDA,COMPANY 47,AV MANOEL DOMINGOS PITNO 481,VILA ANASTACIO 05120-900,SAO PAULO,,,BR,,
8,,212595767,,,,LHR,SAL,X,,,1,1.1,P,APX,1,,PROMO VHS TAPE,,P,P,ST,,,,,,THE OTHER COMPANY,12 WISHING WELL LANE,3RD FLOOR,KINGSTON UPON THAMES,,KT1,GB,,MIGUEL FERNANDES,COMPANY 48,FINA 67 AVDA SUR PASAJE AN 16B,COLONIA CENTRO,ROMA EL SALVADOR,,,SV,,
8,,214492341,,,,LHR,SAO,,,,1,1.1,P,APX,1,,PROMO VHS TAPE,,P,P,ST,,,,,,THE OTHER COMPANY,12 WISHING WELL LANE,3RD FLOOR,KINGSTON UPON THAMES,,KT1,GB,,CARLO DALLA,COMPANY 49,AV MARIA COELHO AGUIAR 215 BLOCO,C-2 ANDAR,SAO PAULO ,SP,05805-000,BR,,
8,,216388915,,,,LHR,SAO,,,,1,1.1,P,APX,1,,PROMO VHS TAPE,,P,P,ST,,,,,,THE OTHER COMPANY,12 WISHING WELL LANE,3RD FLOOR,KINGSTON UPON THAMES,,KT1,GB,,CARLOS STREMBEL,COMPANY 50,AV MANOEL DOMINGOS PINTO 48A VILA,ANASTACIO,SAO PAULO,SP,05120-900,BR,,
8,,218285489,,,,LHR,SAO,,,,1,1.1,P,APX,1,,PROMO VHS TAPE,,P,P,ST,,,,,,THE OTHER COMPANY,12 WISHING WELL LANE,3RD FLOOR,KINGSTON UPON THAMES,,KT1,GB,,BEATRIZ PALANDRI,COMPANY 51,AV MANOEL DOMINGOS PINTO 481,VILA ANASTACIO 05120-900,SAO PAULO,,,BR,,
8,,220182063,,,,LHR,RIO,,,,1,0.44,P,APX,1,,BETA,,P,P,ST,,,,,,YET ANOTHER COMPANY,5555 AVENUE A,MAILROOM,LONDON,,UB4 1AA,GB,,AGUSTIN LOPEZ,COMPANY 52,AV DAS AMERICAS 500 BLOCO 12,BARRA DA TIJUCA,RIO DE JANEIRO RJ,,22.640-100,BR,521555500,
8,,222078637,,,,LHR,USA,,,,1,3.75,P,APX,40,,ELECTRICAL GOODS,,P,P,ST,,,,,,YET ANOTHER COMPANY,5555 AVENUE A,MAILROOM,LONDON,,UB4 1AA,GB,,CARLOS LLACER,COMPANY 53,5900 LBJ FREEWAY,,"DALLAS, TEXAS, USA",TX,75240,US,78855555632,
8,,223975211,,,,LHR,SAO,,,,1,3.3,P,DOC,,,INVOICES,,P,P,ST,,,,,,YET ANOTHER COMPANY,5555 AVENUE A,MAILROOM,LONDON,,UB4 1AA,GB,,MONICA TIPLINSKY,COMPANY 54,RUA BARAO DE IGUAPE,110 LIBERDADE,SAO PAULO,SP,01507-900,BR,654 5646546 6,
8,,225871785,,,,LHR,MEX,,,,1,5.51,P,APX,2,,BOOK,,P,P,ST,,,,,,YET ANOTHER COMPANY,5555 AVENUE A,MAILROOM,LONDON,,UB4 1AA,GB,,MIGUEL EJARQUE,COMPANY 55,SANTA CATARINA NO 156,SAN ANGEL,MEXOC DF,CP,1000,MX,55 555 616 0114,
8,,227768359,,,,LHR,RIO,,,,1,1.1,P,APX,2,,TAPE,,P,P,ST,,,,,,YET ANOTHER COMPANY,5555 AVENUE A,MAILROOM,LONDON,,UB4 1AA,GB,,ALBERTO REYES,COMPANY 56,AV DAS AMERICAS 500 BLOCO 12,BARRA DA TIJUCA,RIO DE JANEIRO ,RJ,22640-100,BR,0055 555 82300,
8,,229664933,,,,LHR,SCL,,,,1,1.1,P,APX,2,,TAPE,,P,P,ST,,,,,,YET ANOTHER COMPANY,5555 AVENUE A,MAILROOM,LONDON,,UB4 1AA,GB,,MELITON MATEO,COMPANY 57,AV SUECIA NO 842,PROVIDENCIA,SANTIAGO,,,CL,5627453987,
8,,231561507,,,,LHR,SAO,,,,1,2.2,P,APX,21,,CDS,,P,P,ST,,,,,,YET ANOTHER COMPANY,5555 AVENUE A,MAILROOM,LONDON,,UB4 1AA,GB,,CLAUDIO MARIO,COMPANY 58,R MARIA TEREZINHA D ABRIL 161,,SAO PAULO ,SP,,BR,,
8,,233458081,,,,LHR,CCS,,,,1,1.1,P,APX,7,,PROMO MATERIAL,,P,P,ST,,,,,,YET ANOTHER COMPANY,5555 AVENUE A,MAILROOM,LONDON,,UB4 1AA,GB,,CARLOS FERNANDEZ,COMPANY 59,RODVEN CA CENTRO COML CONCRESA,OFIC 423 2 PISO,PRADOS DEL ESTE CARCAS,,,VE,,
8,,235354655,,,,LHR,BDA,,,,1,2.2,P,APX,4,,PRATICAL GUIDE,,P,L,ST,,,,,,YET ANOTHER COMPANY,5555 AVENUE A,MAILROOM,LONDON,,UB4 1AA,GB,,CARLOS DANIEL,COMPANY 60,RENAISSANCE HOUSE,8-12 EAST BROADWAY,HAMILTON,,HM 19,BM,,
8,,237251229,,,,LHR,BOG,,,,1,1.1,P,APX,1,,VIDEO TAPE,,P,P,ST,,,,,,YET ANOTHER COMPANY,5555 AVENUE A,MAILROOM,LONDON,,UB4 1AA,GB,,DANIEL PEREZ,COMPANY 61,CARRERA 46 NO 13-18,,SANTAFE DE BOGOTA DC,,,CO,,
8,,239147803,,,,LHR,SAO,,,,1,1.1,P,APX,1,,PROMO VHS TAPE,,P,P,ST,,,,,,YET ANOTHER COMPANY,5555 AVENUE A,MAILROOM,LONDON,,UB4 1AA,GB,,LIVIO FERNANDEZ,COMPANY 62,AV MANOEL DOMINGOS PINTO 481,VILA ANASTACIO,SAO PAULO,SP,05120-900,BR,,
8,,241044377,,,,LHR,SAO,,,,1,1.1,P,APX,1,,PROMO VHS TAPE,,P,P,ST,,,,,,YET ANOTHER COMPANY,5555 AVENUE A,MAILROOM,LONDON,,UB4 1AA,GB,,MIRTA HERNANDEZ,COMPANY 63,AVDA PAULISTA 2300 4TH & 5TH FLRS,,SAOPAULO,SP,01310-300,BR,,
8,,242940951,,,,LHR,SAO,,,,1,1.1,P,APX,1,,PROMO VHS TAPE,,P,P,ST,,,,,,YET ANOTHER COMPANY,5555 AVENUE A,MAILROOM,LONDON,,UB4 1AA,GB,,E. RODRIGUEZ,COMPANY 64,AV MANOEL DOMINGOS PINTO 481,VILA ANASTACIO,SAOPAULO,SP,05120-900,BR,,
8,,244837525,,,,LHR,RIO,X,,,1,1.1,P,APX,1,,PROMO VHS TAPE,,P,P,ST,,,,,,YET ANOTHER COMPANY,5555 AVENUE A,MAILROOM,LONDON,,UB4 1AA,GB,,AUGUSTO CASTELLO,COMPANY 65,AV DAS INDUSTRIAS 315,,13280-000 VINHEDO SP,,,BR,,
8,,246734099,,,,LHR,SAO,,,,1,1.1,P,APX,1,,PROMO VHS TAPE,,P,P,ST,,,,,,YET ANOTHER COMPANY,5555 AVENUE A,MAILROOM,LONDON,,UB4 1AA,GB,,LUCAS HACK,COMPANY 66,AV MANOEL DOMINGOS PINTO,,VILA ANASTACIO,SP,05120-900,BR,,
8,,248630673,,,,LHR,SCL,,,,1,1.1,P,APX,1,,PROMO VHS TAPE,,P,P,ST,,,,,,YET ANOTHER COMPANY,5555 AVENUE A,MAILROOM,LONDON,,UB4 1AA,GB,,EDMILSON SOARES,COMPANY 67,CARRASCAL 3551,QUINTA NORMAL,SANTIAGO,,,CL,,
8,,250527247,,,,LHR,RIO,,,,1,1.1,P,APX,1,,PROMO VHS TAPE,,P,P,ST,,,,,,YET ANOTHER COMPANY,5555 AVENUE A,MAILROOM,LONDON,,UB4 1AA,GB,,MIGUEL LOPEZ,COMPANY 68,AV DAS AMERICAS 500 BLOCO 12 BARRA,DA TIJUCA,RIO DE JANEIRO ,RJ,22640-100,BR,5 21 222 555,
8,,252423821,,,,LHR,SCL,,,,1,1.1,P,APX,1,,PROMO VHS TAPE,,P,P,ST,,,,,,YET ANOTHER COMPANY,5555 AVENUE A,MAILROOM,LONDON,,UB4 1AA,GB,,RICARDO FREITAS,COMPANY 69,CARRASCAL 3551,QUINTA NORMAL,SANTIAGO,,,CL,,
8,,254320395,,,,LHR,GYE,,,,1,1.1,P,APX,1,,PROMO VHS TAPE,,P,P,ST,,,,,,YET ANOTHER COMPANY,5555 AVENUE A,MAILROOM,LONDON,,UB4 1AA,GB,,JOSELITO DUTRA,COMPANY 70,FRANCISCO DE MRACOS 102 ELOY,ALFARO,GUAYAQUIL,,,EC,,
8,,256216969,,,,LHR,BOG,,,,1,0.5,P,DOC,,,,,P,P,ST,,,,,,YET ANOTHER COMPANY,5555 AVENUE A,MAILROOM,LONDON,,UB4 1AA,GB,,ISAC NEWTON,COMPANY 71,CALLE 90 NO 21-32 5TH FLR,,BOGOTA,,,CO,,
8,,258113543,,,,LHR,BOG,,,,1,0.5,P,DOC,,,,,P,P,ST,,,,,,YET ANOTHER COMPANY,5555 AVENUE A,MAILROOM,LONDON,,UB4 1AA,GB,,ARNALDO PONZIO,COMPANY 72,CARRERA 46 NO 13-18 SANTAFE,,BOGOTA,,,CO,,
8,,260010117,,,,LHR,SAL,,,,1,0.5,P,DOC,,,,,P,P,ST,,,,,,YET ANOTHER COMPANY,5555 AVENUE A,MAILROOM,LONDON,,UB4 1AA,GB,,LUIZ CORREA,COMPANY 73,BLVD DEL EJERCITO NAC KM 3-1/2,,SAN SALVADOR,,,SV,,
8,,261906691,,,,LHR,ASU,X,,,1,0.5,P,DOC,,,,,P,P,ST,,,,,,STILL DIFFERENT CO INC,1234 NEW ROAD,,FRANKFURT,,,DE,+49691231234,FRANCISCO DE PAULA,COMPANY 74,"UNILEVER , RIO SALADO Y RIO",MONTELINDO,VILLA ELISA,,,PY,,
8,,263803265,,,,LHR,SAO,,,,1,0.5,P,DOC,,,,,P,P,ST,,,,,,STILL DIFFERENT CO INC,1234 NEW ROAD,,FRANKFURT,,,DE,+49691231234,HAROLD ALCOVER,COMPANY 75,AV MANOEL DOMINGOS PINTO 481,VILA ANASTACTO 05120-900,SAO PAULO,SP,,BR,,
8,,265699839,,,,LHR,SAO,,,,1,0.5,P,DOC,,,,,P,P,ST,,,,,,STILL DIFFERENT CO INC,1234 NEW ROAD,,FRANKFURT,,,DE,+49691231234,JOSE TEJON,COMPANY 76,AV MARIA COELHO AGUIAR 215 BLOCO,C-2 ANDAR,SAO PAULO,SP,,BR,,
8,,267596413,,,,LHR,SAO,,,,1,0.5,P,DOC,,,,,P,P,ST,,,,,,STILL DIFFERENT CO INC,1234 NEW ROAD,,FRANKFURT,,,DE,+49691231234,ANTONIO SOUZA,COMPANY 77,AV MARIA COELHO AGUIAR 215,BLOCO C-2 ANDAR,SAO PAULO,SP,,BR,,
8,,269492987,,,,LHR,SAO,,,,1,0.5,P,DOC,,,,,P,P,ST,,,,,,STILL DIFFERENT CO INC,1234 NEW ROAD,,FRANKFURT,,,DE,+49691231234,MARCELO BUSCH,COMPANY 78,AVDA PAULISTA 2300 4TH & 5TH FLRS,,SAO PAULO,SP,,BR,,
8,,271389561,,,,LHR,SAO,,,,1,0.5,P,DOC,,,,,P,P,ST,,,,,,STILL DIFFERENT CO INC,1234 NEW ROAD,,FRANKFURT,,,DE,+49691231234,JORGE SUKARIE,COMPANY 79,AV MANOEL DOMINGOS PINTO 481,VILA ANASTACO,SAO PAULO,SP,,BR,,
8,,273286135,,,,LHR,BOG,,,,1,0.5,P,DOC,,,,,P,P,ST,,,,,,STILL DIFFERENT CO INC,1234 NEW ROAD,,FRANKFURT,,,DE,+49691231234,RICARDO GALEMBECK,COMPANY 80,DISA SA CALLE 90,NO 21-32 5TH FLR,BOGOTA,DF,,CO,,
8,,275182709,,,,LHR,MVD,,,,1,0.5,P,DOC,,,,,P,P,ST,,,,,,STILL DIFFERENT CO INC,1234 NEW ROAD,,FRANKFURT,,,DE,+49691231234,LUIGINA BALESTRO,COMPANY 81,CAMINO CARRASCO 5975 12 100,,MONTEVIDEO,,,UY,,
8,,277079283,,,,LHR,SAO,,,,1,0.5,P,DOC,,,,,P,P,ST,,,,,,STILL DIFFERENT CO INC,1234 NEW ROAD,,FRANKFURT,,,DE,+49691231234,RUBENS ANDRADE,COMPANY 82,AV PAULISTA 2300 4TH & 5TH FLRS,,SAO PAULO ,SP,01310-300,BR,,
8,,278975857,,,,LHR,SAO,,,,1,0.5,P,DOC,,,,,P,P,ST,,,,,,STILL DIFFERENT CO INC,1234 NEW ROAD,,FRANKFURT,,,DE,+49691231234,ADEMAR RIBEIRO,COMPANY 83,AV MARIA COELHO AGUIAR 215 BLOCO,C-2 ANDAR,SAO PAULO ,SP,05805-000,BR,,
8,,280872431,,,,LHR,SAO,,,,1,0.5,P,DOC,,,,,P,P,ST,,,,,,STILL DIFFERENT CO INC,1234 NEW ROAD,,FRANKFURT,,,DE,+49691231234,CARLOS GULLO,COMPANY 84,AV MARIA COELHO AGUIAR 215 BLOCO,C-2 ANDAR,SAO PAULO ,SP,05805-000,BR,,
8,,282769005,,,,LHR,MVD,,,,1,0.5,P,DOC,,,,,P,P,ST,,,,,,STILL DIFFERENT CO INC,1234 NEW ROAD,,FRANKFURT,,,DE,+49691231234,REINALDO DE ALMEIDA,COMPANY 85,CAMINO CARRASCO 5975 12 100,,MONTEVIDEO,,,UY,,
8,,284665579,,,,LHR,SCL,,,,1,0.5,P,DOC,,,,,P,P,ST,,,,,,STILL DIFFERENT CO INC,1234 NEW ROAD,,FRANKFURT,,,DE,+49691231234,GERSON BELLUCCI,COMPANY 86,CARRASCAL 3551 QUINTA NORMAL,,SANTIAGO,,,CL,,
8,,286562153,,,,LHR,SCL,,,,1,0.5,P,DOC,,,,,P,P,ST,,,,,,STILL DIFFERENT CO INC,1234 NEW ROAD,,FRANKFURT,,,DE,+49691231234,CARLOS COSTA,COMPANY 87,CARRASCAL 3551 QUINTA,NORMAL,SANTIAGO,,,CL,,
8,,288458727,,,,LHR,POS,X,,,1,5.51,P,APX,10,,BOOKS,,P,B,ST,,,,,,STILL DIFFERENT CO INC,1234 NEW ROAD,,FRANKFURT,,,DE,+49691231234,EDUARDO MARQUES,COMPANY 88,ST AUGUSTINE SHOPPING CTR,EASTERN MAIN RD,ST AUGUSTINE,,,TT,,
8,,290355301,,,,LHR,USA,,,,4,158.73,P,APX,100,,BOOKS,,P,B,ST,,,,,,STILL DIFFERENT CO INC,1234 NEW ROAD,,FRANKFURT,,,DE,+49691231234,ADILSON BORGES,COMPANY 89,1711 MAIN STREET,,JEANERETTE,LA,70544,US,,,IBCB365236,2,IBCB365237,1
8,,292251875,,,,LHR,SAO,,,,1,36.38,P,APX,20,,INTER-CO.MATERIAL,,P,B,ST,,,,,,STILL DIFFERENT CO INC,1234 NEW ROAD,,FRANKFURT,,,DE,+49691231234,AURELIO PENCE,COMPANY 90,MARKETING PTV-V.RUA FRIEDRICH VON,"VOITH,825",SAO PAULO,,02995-000,BR,,
8,,294148449,,,,LHR,BDA,,,,1,1.1,P,APX,1,,CD,,P,P,ST,,,,,,STILL DIFFERENT CO INC,1234 NEW ROAD,,FRANKFURT,,,DE,+49691231234,MARIA ALVES,COMPANY 91,106 PITTS BAY RD,,PEMBROKE,,HM 08,BM,,
8,,296045023,,,,LHR,BDA,,,,1,1.1,P,APX,1,,CD,,P,P,ST,,,,,,STILL DIFFERENT CO INC,1234 NEW ROAD,,FRANKFURT,,,DE,+49691231234,ANTONIO SOUZA,COMPANY 92,50 PARLIAMENT ST.,,HAMILTON,,HM 12,BM,,
8,,297941597,,,,LHR,BDA,,,,1,1.1,P,APX,1,,CD,,P,P,ST,,,,,,STILL DIFFERENT CO INC,1234 NEW ROAD,,FRANKFURT,,,DE,+49691231234,FRANCISCO MAIA,COMPANY 93,THE ACE TEMPEST RE BLDG.,30 WOODBOURNE AVE.,HAMILTON,,HM 08,BM,,
8,,299838171,,,,LHR,BDA,,,,1,1.1,P,APX,1,,CD,,P,P,ST,,,,,,I WISH I HAD A NAME COMPANY,9876 OTHER STREET,SOME DEPT,LONDON,,AB6 6BA,GB,,LETACIO GUEDES,COMPANY 94,CROWN HOUSE,4 PAR-LA-VILLE RD,HAMILTON,,HM 08,BM,,
8,,301734745,,,,LHR,BDA,,,,1,1.1,P,APX,1,,CD,,P,P,ST,,,,,,I WISH I HAD A NAME COMPANY,9876 OTHER STREET,SOME DEPT,LONDON,,AB6 6BA,GB,,HAROLDO ALVES,COMPANY 95,"WELLESLEY HOUSE SOUTH, 5TH FLR.",90 PITTS BAT RD,HAMILTON,,HM 08,BM,,
8,,303631319,,,,LHR,BDA,,,,1,1.1,P,APX,1,,CD,,P,P,ST,,,,,,I WISH I HAD A NAME COMPANY,9876 OTHER STREET,SOME DEPT,LONDON,,AB6 6BA,GB,,ROBERTO FONSECA,COMPANY 96,PENTHOUSE SUITE,WINDSOR PL. 18 QUEEN ST.,HAMILTON,,HM 11,BM,,
8,,305527893,,,,LHR,BDA,,,,1,1.1,P,APX,1,,CD,,P,P,ST,,,,,,I WISH I HAD A NAME COMPANY,9876 OTHER STREET,SOME DEPT,LONDON,,AB6 6BA,GB,,MANOEL DE ANDRADE,COMPANY 97,"CUMBRLAND HOUSE, 6TH FLR.",1 VICTORIA ST.,HAMILTON,,HM 11,BM,,
8,,307424467,,,,LHR,BDA,,,,1,1.1,P,APX,1,,CD,,P,P,ST,,,,,,I WISH I HAD A NAME COMPANY,9876 OTHER STREET,SOME DEPT,LONDON,,AB6 6BA,GB,,ELKE SIQUEIRA,COMPANY 98,LOBBY HALL,"VICTORIA HALL, 11 VICTORIA ST.",HAMILTON,,,BM,,
8,,309321041,,,,LHR,BDA,,,,1,1.1,P,APX,1,,CD,,P,P,ST,,,,,,I WISH I HAD A NAME COMPANY,9876 OTHER STREET,SOME DEPT,LONDON,,AB6 6BA,GB,,VICTOR RACY,COMPANY 99,AMERICAN INTL. BLDG.,29 RICHMOND RD,HAMILTON,,HM 12,BM,,
8,,311217615,,,,LHR,BDA,,,,1,1.1,P,APX,1,,CD,,P,P,ST,,,,,,I WISH I HAD A NAME COMPANY,9876 OTHER STREET,SOME DEPT,LONDON,,AB6 6BA,GB,,ANTONIO FERREIRA,COMPANY 100,XL HOUSE,1 BERMUDIANA RD,HAMILTON,,,BM,,
8,,313114189,,,,LHR,USA,,,,1,1.1,P,APX,10,,2 DVD,,P,P,ST,,,,,,I WISH I HAD A NAME COMPANY,9876 OTHER STREET,SOME DEPT,LONDON,,AB6 6BA,GB,,FELIPE CARMONA,COMPANY 101,11800 W.CAPITOL DR.,,WAUWATOSA,WI,53225,US,,
8,,315010763,,,,LHR,BDA,,,,1,1.1,P,APX,1,,CD,,P,P,ST,,,,,,I WISH I HAD A NAME COMPANY,9876 OTHER STREET,SOME DEPT,LONDON,,AB6 6BA,GB,,ALAMIR SANTOS,COMPANY 102,WESSEX HOUSE,3RD FLR. 45 REID ST.,HAMILTON,,HM 12,BM,,
8,,316907337,,,,LHR,MEX,,,,1,2.2,P,APX,18,,FLASHING PRODUCTS,,P,P,ST,,,,,,I WISH I HAD A NAME COMPANY,9876 OTHER STREET,SOME DEPT,LONDON,,AB6 6BA,GB,,FERNANDO MARTINS,COMPANY 103,INSURGENTES SUR 429 DESP.54,COL.HIPODROMO CONDESA,MEXICO DF,,MEXICO 06100,MX,,
8,,318803911,,,,LHR,BDA,,,,1,1.1,P,APX,1,,CD,,P,P,ST,,,,,,I WISH I HAD A NAME COMPANY,9876 OTHER STREET,SOME DEPT,LONDON,,AB6 6BA,GB,,DELCIO RODRIGUES,COMPANY 104,REINSURANCE HOUSE,EAST BROADWAY,HAMILTON,,,BM,,
8,,320700485,,,,LHR,SCL,,,,1,14.33,P,APX,9,,OSTOMY SUPPLIES,,P,B,ST,,,,,,I WISH I HAD A NAME COMPANY,9876 OTHER STREET,SOME DEPT,LONDON,,AB6 6BA,GB,,JUVENAL BOLZAN,COMPANY 105,AVDA TABANVURA NO.1515 OF.205,VITACURA,SANTIAGO,,,CL,,
8,,322597059,,,,LHR,BDA,,,,1,1.1,P,APX,1,,CD,,P,P,ST,,,,,,I WISH I HAD A NAME COMPANY,9876 OTHER STREET,SOME DEPT,LONDON,,AB6 6BA,GB,,MAGDA COCOLICHIO,COMPANY 106,THE WATERFRONT,90 PITTS BAY RD,HAMILTON,,HM 08,BM,,
8,,324493633,,,,LHR,BDA,,,,1,1.1,P,APX,1,,CD,,P,P,ST,,,,,,I WISH I HAD A NAME COMPANY,9876 OTHER STREET,SOME DEPT,LONDON,,AB6 6BA,GB,,RAIMUNDO DOS SANTOS,COMPANY 107,PXRE HOUSE,110 PITTS BAY RD,PEMBROKE,,HM 08,BM,,
8,,326390207,,,,LHR,BDA,,,,1,1.1,P,APX,1,,CD,,P,P,ST,,,,,,I WISH I HAD A NAME COMPANY,9876 OTHER STREET,SOME DEPT,LONDON,,AB6 6BA,GB,,DANIEL MARTINS,COMPANY 108,MINTFLOWER PL.,8 PAR-LA-VILLE RD,HAMILTON,,HM 08,BM,,
8,,328286781,,,,LHR,POS,,,,1,1.1,P,APX,8,,SECURITY DEVICE,,P,P,ST,,,,,,I WISH I HAD A NAME COMPANY,9876 OTHER STREET,SOME DEPT,LONDON,,AB6 6BA,GB,,SOLON MACHADO,COMPANY 109,STANMORE HOUSE,6 STANMORE AVE.,PORT OF SPAIN,,,TT,,
9,,330183355,,,,LHR,SJO,,,,1,6.83,P,APX,59,,PRINTED MATTER,,,P,B,ST,,,,,,I WISH I HAD A NAME COMPANY,9876 OTHER STREET,SOME DEPT,LONDON,,AB6 6BA,GB,,WALTER FUENTES,COMPANY 110,225 MEROS OESTE SABRE BOULEVAR PORT,"ON, RAJA #32",SAN JOSE,,,CR,,
8,,332079929,,,,LHR,LIM,,,,1,8.82,P,APX,117,,PRINTED MATTER,,P,B,ST,,,,,,I WISH I HAD A NAME COMPANY,9876 OTHER STREET,SOME DEPT,LONDON,,AB6 6BA,GB,,SERGIO LAVIN,COMPANY 111,LOS ROBLES NO. 391,SAN ISIDRO,LIMA 27,,,PE,,
8,,333976503,,,,LHR,CCS,,,,1,24.25,P,DOC,,,PRINTED MATTER,,P,B,ST,,,,,,I WISH I HAD A NAME COMPANY,9876 OTHER STREET,SOME DEPT,LONDON,,AB6 6BA,GB,,OLGA LAVIN,COMPANY 112,CALLE LOS PENONES,C/C TEJERIA QUINTA CAROLINA LOMAS L,A TRINIDA,,,VE,,
9,,335873077,,,,LHR,SDQ,,,,1,26.45,P,DOC,,,PRINTED MATTER,,,P,P,ST,,,,,,THE LAST COMPANY,1 BIG CIRCLE,BASEMENT,LINCOLNSHIRE,,ZZ1 9ZZ,GB,,JALIL TALA,COMPANY 113,CALLE GEORGILIO METTA CHAVIER #20,LAS PROBES,SANTA DOMINGO,,,DO,,
8,,337769651,,,,LHR,BOG,,,,1,22.04,P,DOC,,,PRINTED MATTER,,P,B,ST,,,,,,THE LAST COMPANY,1 BIG CIRCLE,BASEMENT,LINCOLNSHIRE,,ZZ1 9ZZ,GB,,LUIS TAMAYO,COMPANY 114,CALLE 16A NO. 13-66 OF 204,BOGOTA,COLOMBIA,,,CO,,
